Track title,Performing artist,Composers / writers,Publisher (song),Record label (master),Where the file came from,Licence type,Licence or invoice number,Date licensed,Start date,Expiry date,Territory,Permitted use,Covers web background use (Y/N),Cost,Currency,Renewal reminder,Evidence file,Status,Notes
"Abalele","Kabza De Small & DJ Maphorisa ft. Ami Faku","","","","","","","","","","South Africa / Worldwide","Website background music","","","ZAR","","","pending",
"Asibe Happy","Kabza De Small, DJ Maphorisa & Ami Faku","","","","","","","","","","South Africa / Worldwide","Website background music","","","ZAR","","","pending",
"iMitha","Kabza De Small & DJ Maphorisa ft. Nokwazi","","","","","","","","","","South Africa / Worldwide","Website background music","","","ZAR","","","pending",
"Khusela","Kabza De Small & DJ Maphorisa ft. Msaki","","","","","","","","","","South Africa / Worldwide","Website background music","","","ZAR","","","pending",
"Sponono","Kabza De Small & DJ Maphorisa","","","","","","","","","","South Africa / Worldwide","Website background music","","","ZAR","","","pending",
"Umshove","Kabza De Small","","","","","","","","","","South Africa / Worldwide","Website background music","","","ZAR","","","pending",
"Lorch","Kabza De Small & DJ Maphorisa","","","","","","","","","","South Africa / Worldwide","Website background music","","","ZAR","","","pending",
"Bab' Motha","Kabza De Small","","","","","","","","","","South Africa / Worldwide","Website background music","","","ZAR","","","pending",
"Vision & Mission voiceover","Jiks Academy narration","Jiks Academy","","","","","","","","","Worldwide","Website narration","","","ZAR","","","pending",
